Workbook

Sheet Summary
A1: Expense report — 2026-09
A2: Synthetic demo data · amounts in USD · formulas recalculate in Excel
A4: Category | B4: Items | C4: Total USD | D4: Flagged items
A5: Travel | B5: =COUNTIF(Expenses!$C$2:$C$40,A5) | C5: =SUMIF(Expenses!$C$2:$C$40,A5,Expenses!$I$2:$I$40) | D5: =COUNTIFS(Expenses!$C$2:$C$40,A5,Expenses!$K$2:$K$40,"FLAGGED")
A6: Lodging | B6: =COUNTIF(Expenses!$C$2:$C$40,A6) | C6: =SUMIF(Expenses!$C$2:$C$40,A6,Expenses!$I$2:$I$40) | D6: =COUNTIFS(Expenses!$C$2:$C$40,A6,Expenses!$K$2:$K$40,"FLAGGED")
A7: Meals | B7: =COUNTIF(Expenses!$C$2:$C$40,A7) | C7: =SUMIF(Expenses!$C$2:$C$40,A7,Expenses!$I$2:$I$40) | D7: =COUNTIFS(Expenses!$C$2:$C$40,A7,Expenses!$K$2:$K$40,"FLAGGED")
A8: Office Supplies | B8: =COUNTIF(Expenses!$C$2:$C$40,A8) | C8: =SUMIF(Expenses!$C$2:$C$40,A8,Expenses!$I$2:$I$40) | D8: =COUNTIFS(Expenses!$C$2:$C$40,A8,Expenses!$K$2:$K$40,"FLAGGED")
A9: Transport | B9: =COUNTIF(Expenses!$C$2:$C$40,A9) | C9: =SUMIF(Expenses!$C$2:$C$40,A9,Expenses!$I$2:$I$40) | D9: =COUNTIFS(Expenses!$C$2:$C$40,A9,Expenses!$K$2:$K$40,"FLAGGED")
A10: Software | B10: =COUNTIF(Expenses!$C$2:$C$40,A10) | C10: =SUMIF(Expenses!$C$2:$C$40,A10,Expenses!$I$2:$I$40) | D10: =COUNTIFS(Expenses!$C$2:$C$40,A10,Expenses!$K$2:$K$40,"FLAGGED")
A11: TOTAL | B11: =SUM(B5:B10) | C11: =SUM(C5:C10) | D11: =SUM(D5:D10)
A13: Employee | B13: Items | C13: Total USD | D13: Flagged items
A14: Aisha Bello | B14: =COUNTIF(Expenses!$B$2:$B$40,A14) | C14: =SUMIF(Expenses!$B$2:$B$40,A14,Expenses!$I$2:$I$40) | D14: =COUNTIFS(Expenses!$B$2:$B$40,A14,Expenses!$K$2:$K$40,"FLAGGED")
A15: Laura Gómez | B15: =COUNTIF(Expenses!$B$2:$B$40,A15) | C15: =SUMIF(Expenses!$B$2:$B$40,A15,Expenses!$I$2:$I$40) | D15: =COUNTIFS(Expenses!$B$2:$B$40,A15,Expenses!$K$2:$K$40,"FLAGGED")
A16: Martín Sosa | B16: =COUNTIF(Expenses!$B$2:$B$40,A16) | C16: =SUMIF(Expenses!$B$2:$B$40,A16,Expenses!$I$2:$I$40) | D16: =COUNTIFS(Expenses!$B$2:$B$40,A16,Expenses!$K$2:$K$40,"FLAGGED")
A17: Peter Novak | B17: =COUNTIF(Expenses!$B$2:$B$40,A17) | C17: =SUMIF(Expenses!$B$2:$B$40,A17,Expenses!$I$2:$I$40) | D17: =COUNTIFS(Expenses!$B$2:$B$40,A17,Expenses!$K$2:$K$40,"FLAGGED")

Sheet Expenses
A1: Date | B1: Employee | C1: Category | D1: Vendor | E1: Description | F1: Amount | G1: Currency | H1: Rate to USD | I1: Amount USD | J1: Receipt ID | K1: Status | L1: Policy notes
A2: 46266 | B2: Laura Gómez | C2: Software | D2: Canva Pro | E2: Monthly subscription | F2: 14.99 | G2: USD | H2: 1 | I2: =ROUND(F2*H2,2) | J2: R-1029 | K2: OK
A3: 46266 | B3: Peter Novak | C3: Software | D3: Zoom | E3: Monthly subscription | F3: 15.99 | G3: USD | H3: 1 | I3: =ROUND(F3*H3,2) | J3: R-1030 | K3: OK
A4: 46267 | B4: Peter Novak | C4: Office Supplies | D4: Staples | E4: Printer paper and pens | F4: 51.23 | G4: USD | H4: 1 | I4: =ROUND(F4*H4,2) | J4: R-1025 | K4: OK
A5: 46268 | B5: Laura Gómez | C5: Transport | D5: Metro card | E5: Ride to client office | F5: 11.47 | G5: USD | H5: 1 | I5: =ROUND(F5*H5,2) | J5: R-1017 | K5: OK
A6: 46269 | B6: Laura Gómez | C6: Meals | D6: Green Bowl Café | E6: Lunch with client | F6: 8.94 | G6: USD | H6: 1 | I6: =ROUND(F6*H6,2) | J6: R-1001 | K6: OK
A7: 46269 | B7: Martín Sosa | C7: Meals | D7: Deli 24 | E7: Lunch with client | F7: 13.05 | G7: USD | H7: 1 | I7: =ROUND(F7*H7,2) | J7: R-1002 | K7: OK
A8: 46272 | B8: Laura Gómez | C8: Meals | D8: Green Bowl Café | E8: Lunch with client | F8: 13.61 | G8: USD | H8: 1 | I8: =ROUND(F8*H8,2) | J8: R-1003 | K8: OK
A9: 46274 | B9: Peter Novak | C9: Meals | D9: La Parrilla | E9: Lunch with client | F9: 10.2 | G9: USD | H9: 1 | I9: =ROUND(F9*H9,2) | J9: R-1004 | K9: OK
A10: 46275 | B10: Martín Sosa | C10: Transport | D10: City Taxi | E10: Airport transfer | F10: 24000 | G10: ARS | H10: 0.001 | I10: =ROUND(F10*H10,2) | J10: R-1036 | K10: OK
A11: 46276 | B11: Peter Novak | C11: Transport | D11: Metro card | E11: Ride to client office | F11: 13.78 | G11: USD | H11: 1 | I11: =ROUND(F11*H11,2) | J11: R-1024 | K11: OK
A12: 46279 | B12: Laura Gómez | C12: Transport | D12: Uber | E12: Ride to client office | F12: 26.8 | G12: USD | H12: 1 | I12: =ROUND(F12*H12,2) | J12: R-1018 | K12: OK
A13: 46279 | B13: Martín Sosa | C13: Meals | D13: Sushi Go | E13: Lunch with client | F13: 16.09 | G13: USD | H13: 1 | I13: =ROUND(F13*H13,2) | J13: R-1005 | K13: OK
... A17: 46281 | B17: Peter Novak | C17: Transport | D17: City Taxi | E17: Ride to client office | F17: 14.53 | G17: USD | H17: 1 | I17: =ROUND(F17*H17,2) | J17: R-1020 | K17: OK
A18: 46281 | B18: Peter Novak | C18: Meals | D18: La Parrilla | E18: Team dinner | F18: 21.4 | G18: USD | H18: 1 | I18: =ROUND(F18*H18,2) | J18: R-1031 | K18: FLAGGED | L18: meals USD 31.20 that day > USD 25/day cap
A19: 46281 | B19: Peter Novak | C19: Meals | D19: Deli 24 | E19: Coffee and snacks | F19: 9.8 | G19: USD | H19: 1 | I19: =ROUND(F19*H19,2) | J19: R-1032 | K19: FLAGGED | L19: meals USD 31.20 that day > USD 25/day cap
A20: 46282 | B20: Aisha Bello | C20: Transport | D20: City Taxi | E20: Ride to client office | F20: 21.26 | G20: USD | H20: 1 | I20: =ROUND(F20*H20,2) | J20: R-1019 | K20: OK
A21: 46282 | B21: Aisha Bello | C21: Office Supplies | D21: Staples | E21: Printer paper and pens | F21: 24.49 | G21: USD | H21: 1 | I21: =ROUND(F21*H21,2) | J21: R-1026 | K21: OK
A22: 46282 | B22: Laura Gómez | C22: Transport | D22: Metro card | E22: Ride to client office | F22: 13.04 | G22: USD | H22: 1 | I22: =ROUND(F22*H22,2) | J22: R-1015 | K22: OK
A23: 46282 | B23: Martín Sosa | C23: Office Supplies | D23: Staples | E23: Printer paper and pens | F23: 26.92 | G23: USD | H23: 1 | I23: =ROUND(F23*H23,2) | J23: R-1028 | K23: OK
A24: 46283 | B24: Laura Gómez | C24: Meals | D24: Deli 24 | E24: Lunch with client | F24: 17.57 | G24: USD | H24: 1 | I24: =ROUND(F24*H24,2) | J24: R-1009 | K24: OK
A25: 46283 | B25: Laura Gómez | C25: Office Supplies | D25: OfficeMax | E25: Ink cartridges | F25: 42.3 | G25: USD | H25: 1 | I25: =ROUND(F25*H25,2) | J25: R-1037 | K25: OK
A26: 46283 | B26: Laura Gómez | C26: Office Supplies | D26: OfficeMax | E26: Ink cartridges | F26: 42.3 | G26: USD | H26: 1 | I26: =ROUND(F26*H26,2) | J26: R-1038 | K26: FLAGGED | L26: possible duplicate
A27: 46283 | B27: Peter Novak | C27: Meals | D27: Sushi Go | E27: Lunch with client | F27: 9.02 | G27: USD | H27: 1 | I27: =ROUND(F27*H27,2) | J27: R-1010 | K27: OK
A28: 46286 | B28: Laura Gómez | C28: Meals | D28: La Parrilla | E28: Lunch with client | F28: 8.97 | G28: USD | H28: 1 | I28: =ROUND(F28*H28,2) | J28: R-1011 | K28: OK
A29: 46287 | B29: Aisha Bello | C29: Travel | D29: Delta | E29: Flight to Miami trade show | F29: 612 | G29: USD | H29: 1 | I29: =ROUND(F29*H29,2) | J29: R-1033 | K29: FLAGGED | L29: over USD 500: needs manager approval
A30: 46287 | B30: Martín Sosa | C30: Meals | D30: Sushi Go | E30: Lunch with client | F30: 14.04 | G30: USD | H30: 1 | I30: =ROUND(F30*H30,2) | J30: R-1012 | K30: OK
A31: 46288 | B31: Aisha Bello | C31: Lodging | D31: Hotel Plaza | E31: Trade show hotel, 2 nights | F31: 368 | G31: USD | H31: 1 | I31: =ROUND(F31*H31,2) | J31: R-1034 | K31: OK
A32: 46288 | B32: Aisha Bello | C32: Meals | D32: Sushi Go | E32: Dinner, trade show | F32: 31 | G32: USD | H32: 1 | I32: =ROUND(F32*H32,2) | K32: FLAGGED | L32: missing receipt; meals USD 31.00 that day > USD 25/day cap
A33: 46289 | B33: Laura Gómez | C33: Meals | D33: Green Bowl Café | E33: Lunch with client | F33: 15.3 | G33: USD | H33: 1 | I33: =ROUND(F33*H33,2) | J33: R-1013 | K33: OK
A34: 46289 | B34: Peter Novak | C34: Transport | D34: Uber | E34: Ride to client office | F34: 17.09 | G34: USD | H34: 1 | I34: =ROUND(F34*H34,2) | J34: R-1023 | K34: OK
A35: 46290 | B35: Aisha Bello | C35: Office Supplies | D35: Staples | E35: Printer paper and pens | F35: 44.49 | G35: USD | H35: 1 | I35: =ROUND(F35*H35,2) | J35: R-1027 | K35: OK
A36: 46290 | B36: Martín Sosa | C36: Software | D36: Notion | E36: Team plan | F36: 18 | G36: EUR | H36: 1.08 | I36: =ROUND(F36*H36,2) | J36: R-1039 | K36: OK
A37: 46294 | B37: Aisha Bello | C37: Transport | D37: Metro card | E37: Ride to client office | F37: 10.61 | G37: USD | H37: 1 | I37: =ROUND(F37*H37,2) | J37: R-1016 | K37: OK
A38: 46294 | B38: Laura Gómez | C38: Transport | D38: Metro card | E38: Ride to client office | F38: 21.24 | G38: USD | H38: 1 | I38: =ROUND(F38*H38,2) | J38: R-1022 | K38: OK
A39: 46294 | B39: Martín Sosa | C39: Meals | D39: Green Bowl Café | E39: Lunch with client | F39: 17.73 | G39: USD | H39: 1 | I39: =ROUND(F39*H39,2) | J39: R-1014 | K39: OK
A40: 46295 | B40: Aisha Bello | C40: Transport | D40: Metro card | E40: Ride to client office | F40: 28.48 | G40: USD | H40: 1 | I40: =ROUND(F40*H40,2) | J40: R-1021 | K40: OK
A41: TOTAL | I41: =SUM(I2:I40)

Sheet Policy flags
A1: Date | B1: Employee | C1: Category | D1: Vendor | E1: Amount USD | F1: Issue(s)
A2: 46281 | B2: Peter Novak | C2: Meals | D2: La Parrilla | E2: 21.4 | F2: meals USD 31.20 that day > USD 25/day cap
A3: 46281 | B3: Peter Novak | C3: Meals | D3: Deli 24 | E3: 9.8 | F3: meals USD 31.20 that day > USD 25/day cap
A4: 46283 | B4: Laura Gómez | C4: Office Supplies | D4: OfficeMax | E4: 42.3 | F4: possible duplicate
A5: 46287 | B5: Aisha Bello | C5: Travel | D5: Delta | E5: 612 | F5: over USD 500: needs manager approval
A6: 46288 | B6: Aisha Bello | C6: Meals | D6: Sushi Go | E6: 31 | F6: missing receipt; meals USD 31.00 that day > USD 25/day cap
